,obs_sum,exp_sum
A_to_C_and_5k.stat,7799.0,9107.146427551219
C_to_T_nonCpG_5k.stat,27716.0,30422.830678788276
C_to_A_CpG_5k.stat,1052.0,932.9034470382618
C_to_G_nonCpG_5k.stat,9799.0,10088.667585756764
A_to_T_and_5k.stat,7407.0,7767.137108131126
C_to_A_nonCpG_5k.stat,10002.0,10402.731650556543
A_to_G_and_5k.stat,30001.0,30685.1840776996
C_to_G_CpG_5k.stat,899.0,781.5190549596658
C_to_T_CpG_5k.stat,20166.0,20643.965893071087
